<?xml version="1.0" encoding="UTF-8"?>
<beans xmlns="http://www.springframework.org/schema/beans"
	xmlns:xsi="http://www.w3.org/2001/XMLSchema-instance" xmlns:context="http://www.springframework.org/schema/context"
	xmlns:tx="http://www.springframework.org/schema/tx" xmlns:p="http://www.springframework.org/schema/p"
	xsi:schemaLocation="http://www.springframework.org/schema/beans http://www.springframework.org/schema/beans/spring-beans-4.3.xsd
		http://www.springframework.org/schema/tx http://www.springframework.org/schema/tx/spring-tx-4.3.xsd
		http://www.springframework.org/schema/context http://www.springframework.org/schema/context/spring-context-4.3.xsd">
	<context:property-placeholder location="classpath:database.properties" />
	<bean id="dataSource" class="com.mchange.v2.c3p0.ComboPooledDataSource"
		p:driverClass="${jdbc.driver}" p:jdbcUrl="${jdbc.url}" p:user="${jdbc.username}"
		p:password="${jdbc.password}" destroy-method="close" />
	<bean id="sessionFactory"
		class="org.springframework.orm.hibernate4.LocalSessionFactoryBean"
		p:dataSource-ref="dataSource" p:packagesToScan="com.lz.entity">
		<property name="hibernateProperties">
			<props>
				<prop key="hibernate.dialect">org.hibernate.dialect.Oracle10gDialect</prop>
				<prop key="hibernate.connection.release_mode">auto</prop>
				<prop key="hibernate.show_sql">true</prop>
				 <prop key="hibernate.format_sql">true</prop> 
				<prop key="hibernate.hbm2ddl.auto">update</prop>
				<prop key="hibernate.current_session_context_class">org.springframework.orm.hibernate4.SpringSessionContext
				</prop>
				<prop key="hibernate.cache.region.factory_class">org.hibernate.cache.ehcache.EhCacheRegionFactory
				</prop>
				<prop key="hibernate.cache.use_second_level_cache">true</prop>
				<prop key="hibernate.cache.use_query_cache">true</prop>
				
			</props>
		</property>
	</bean>
	<bean id="transactionManager"
		class="org.springframework.orm.hibernate4.HibernateTransactionManager"
		p:sessionFactory-ref="sessionFactory" />
	<tx:annotation-driven transaction-manager="transactionManager" />
	<context:component-scan base-package="com.lz">
		<context:include-filter type="annotation"
			expression="org.springframework.stereotype.Service" />
		<context:include-filter type="annotation"
			expression="org.springframework.stereotype.Repository" />
		<context:include-filter type="annotation"
			expression="org.springframework.stereotype.Controller" />
	</context:component-scan>
</beans>
