<?xml version="1.0" encoding="UTF-8"?>
<!DOCTYPE struts PUBLIC
	"-//Apache Software Foundation//DTD Struts Configuration 2.5//EN"
	"http://struts.apache.org/dtds/struts-2.5.dtd">
<struts>
	<package name="default" namespace="/" extends="struts-default"
		strict-method-invocation="false">
		<action name="book_toadd" class="bookAction" method="toadd">
			<result name="success">/WEB-INF/goods/addgoods.jsp</result>
		</action>
		<action name="book_addgoods" class="bookAction" method="addGoods">
			<result name="input">/WEB-INF/goods/addgoods.jsp</result>
			<result name="success" type="redirect">/book_goodslist</result>
		</action>
		<action name="book_goodslist" class="bookAction" method="goodsList">
			<result name="input">/WEB-INF/goods/goodslist.jsp</result>
			<result name="success">/WEB-INF/goods/goodslist.jsp</result>
		</action>
		<action name="book_deletegoods" class="bookAction" method="deleteGoods">
			<result name="success" type="redirect">/book_goodslist</result>
		</action>
		<action name="book_toupdate" class="bookAction" method="toupdate">
			<result name="success">/WEB-INF/goods/editgoods.jsp</result>
		</action>
		<action name="book_updatebook" class="bookAction" method="update">
			<result name="success" type="redirect">/book_goodslist</result>
		</action>
		
		
		<action name="author_toadd" class="authorAction" method="toadd">
			<result name="success">/WEB-INF/author/addauthor.jsp</result>
		</action>
		<action name="author_add" class="authorAction" method="add">
			<result name="input">/WEB-INF/author/addauthor.jsp</result>
			<result name="success" type="redirect">/author_list</result>
		</action>
		<action name="author_list" class="authorAction" method="list">
			<result name="input">/WEB-INF/author/authorlist.jsp</result>
			<result name="success">/WEB-INF/author/authorlist.jsp</result>
		</action>
		<action name="author_delete" class="authorAction" method="delete">
			<result name="success" type="redirect">/author_list</result>
		</action>
		<action name="author_toupdate" class="authorAction" method="toupdate">
			<result name="success">/WEB-INF/author/editauthor.jsp</result>
		</action>
		<action name="author_update" class="authorAction" method="update">
			<result name="success" type="redirect">/author_list</result>
		</action>
		
		<action name="login_in" class="loginAction" method="login">
			<result name="input">/index.jsp</result>
			<result name="success">/that.jsp</result>
		</action>	
		<action name="book_tofind" class="findAction" method="tofind">
			<result name="success">/WEB-INF/goods/findgoods.jsp</result>
		</action>
		<action name="book_find" class="findAction" method="find">
			<result name="success">/WEB-INF/goods/goodslist.jsp</result>
		</action>
		
	</package>
</struts>	